id,kode_provinsi,nama_provinsi,komoditi,jenis_usaha_perkebunan,produksi_tanaman,satuan,tahun
1,32,JAWA BARAT,AREN,PERKEBUNAN RAKYAT,12477,TON,2013
2,32,JAWA BARAT,AREN,PERKEBUNAN BESAR SWASTA,0,TON,2013
3,32,JAWA BARAT,AREN,PERKEBUNAN NEGARA,0,TON,2013
4,32,JAWA BARAT,CENGKEH,PERKEBUNAN RAKYAT,6422,TON,2013
5,32,JAWA BARAT,CENGKEH,PERKEBUNAN BESAR SWASTA,148,TON,2013
6,32,JAWA BARAT,CENGKEH,PERKEBUNAN NEGARA,0,TON,2013
7,32,JAWA BARAT,GUTTAPERCHA,PERKEBUNAN RAKYAT,0,TON,2013
8,32,JAWA BARAT,GUTTAPERCHA,PERKEBUNAN BESAR SWASTA,0,TON,2013
9,32,JAWA BARAT,GUTTAPERCHA,PERKEBUNAN NEGARA,0,TON,2013
10,32,JAWA BARAT,JAMBU METE,PERKEBUNAN RAKYAT,37,TON,2013
11,32,JAWA BARAT,JAMBU METE,PERKEBUNAN BESAR SWASTA,0,TON,2013
12,32,JAWA BARAT,JAMBU METE,PERKEBUNAN NEGARA,0,TON,2013
13,32,JAWA BARAT,JARAK,PERKEBUNAN RAKYAT,261,TON,2013
14,32,JAWA BARAT,JARAK,PERKEBUNAN BESAR SWASTA,0,TON,2013
15,32,JAWA BARAT,JARAK,PERKEBUNAN NEGARA,0,TON,2013
16,32,JAWA BARAT,KAKAO,PERKEBUNAN RAKYAT,1056,TON,2013
17,32,JAWA BARAT,KAKAO,PERKEBUNAN BESAR SWASTA,1167,TON,2013
18,32,JAWA BARAT,KAKAO,PERKEBUNAN NEGARA,0,TON,2013
19,32,JAWA BARAT,KAPOK,PERKEBUNAN RAKYAT,556,TON,2013
20,32,JAWA BARAT,KAPOK,PERKEBUNAN BESAR SWASTA,0,TON,2013
21,32,JAWA BARAT,KAPOK,PERKEBUNAN NEGARA,0,TON,2013
22,32,JAWA BARAT,KARET,PERKEBUNAN RAKYAT,5126,TON,2013
23,32,JAWA BARAT,KARET,PERKEBUNAN BESAR SWASTA,10541,TON,2013
24,32,JAWA BARAT,KARET,PERKEBUNAN NEGARA,20469,TON,2013
25,32,JAWA BARAT,KAYU MANIS,PERKEBUNAN RAKYAT,11,TON,2013
26,32,JAWA BARAT,KAYU MANIS,PERKEBUNAN BESAR SWASTA,0,TON,2013
27,32,JAWA BARAT,KAYU MANIS,PERKEBUNAN NEGARA,0,TON,2013
28,32,JAWA BARAT,KELAPA DALAM,PERKEBUNAN RAKYAT,102769,TON,2013
29,32,JAWA BARAT,KELAPA DALAM,PERKEBUNAN BESAR SWASTA,69,TON,2013
30,32,JAWA BARAT,KELAPA DALAM,PERKEBUNAN NEGARA,0,TON,2013
31,32,JAWA BARAT,KELAPA HIBRIDA,PERKEBUNAN RAKYAT,2729,TON,2013
32,32,JAWA BARAT,KELAPA HIBRIDA,PERKEBUNAN BESAR SWASTA,196,TON,2013
33,32,JAWA BARAT,KELAPA HIBRIDA,PERKEBUNAN NEGARA,0,TON,2013
34,32,JAWA BARAT,KELAPA SAWIT,PERKEBUNAN RAKYAT,612,TON,2013
35,32,JAWA BARAT,KELAPA SAWIT,PERKEBUNAN BESAR SWASTA,48002,TON,2013
36,32,JAWA BARAT,KELAPA SAWIT,PERKEBUNAN NEGARA,113666,TON,2013
37,32,JAWA BARAT,KEMIRI,PERKEBUNAN RAKYAT,299,TON,2013
38,32,JAWA BARAT,KEMIRI,PERKEBUNAN BESAR SWASTA,0,TON,2013
39,32,JAWA BARAT,KEMIRI,PERKEBUNAN NEGARA,0,TON,2013
40,32,JAWA BARAT,KEMIRI SUNAN,PERKEBUNAN RAKYAT,0,TON,2013
41,32,JAWA BARAT,KEMIRI SUNAN,PERKEBUNAN BESAR SWASTA,0,TON,2013
42,32,JAWA BARAT,KEMIRI SUNAN,PERKEBUNAN NEGARA,0,TON,2013
43,32,JAWA BARAT,KENANGA,PERKEBUNAN RAKYAT,17,TON,2013
44,32,JAWA BARAT,KENANGA,PERKEBUNAN BESAR SWASTA,0,TON,2013
45,32,JAWA BARAT,KENANGA,PERKEBUNAN NEGARA,0,TON,2013
46,32,JAWA BARAT,KINA,PERKEBUNAN RAKYAT,48,TON,2013
47,32,JAWA BARAT,KINA,PERKEBUNAN BESAR SWASTA,86,TON,2013
48,32,JAWA BARAT,KINA,PERKEBUNAN NEGARA,150,TON,2013
49,32,JAWA BARAT,KOPI ARABIKA,PERKEBUNAN RAKYAT,9385,TON,2013
50,32,JAWA BARAT,KOPI ARABIKA,PERKEBUNAN BESAR SWASTA,24,TON,2013
51,32,JAWA BARAT,KOPI ARABIKA,PERKEBUNAN NEGARA,0,TON,2013
52,32,JAWA BARAT,KOPI ROBUSTA,PERKEBUNAN RAKYAT,7204,TON,2013
53,32,JAWA BARAT,KOPI ROBUSTA,PERKEBUNAN BESAR SWASTA,41,TON,2013
54,32,JAWA BARAT,KOPI ROBUSTA,PERKEBUNAN NEGARA,0,TON,2013
55,32,JAWA BARAT,KUMIS KUCING,PERKEBUNAN RAKYAT,116,TON,2013
56,32,JAWA BARAT,KUMIS KUCING,PERKEBUNAN BESAR SWASTA,0,TON,2013
57,32,JAWA BARAT,KUMIS KUCING,PERKEBUNAN NEGARA,0,TON,2013
58,32,JAWA BARAT,LADA,PERKEBUNAN RAKYAT,833,TON,2013
59,32,JAWA BARAT,LADA,PERKEBUNAN BESAR SWASTA,0,TON,2013
60,32,JAWA BARAT,LADA,PERKEBUNAN NEGARA,0,TON,2013
61,32,JAWA BARAT,PALA,PERKEBUNAN RAKYAT,1232,TON,2013
62,32,JAWA BARAT,PALA,PERKEBUNAN BESAR SWASTA,0,TON,2013
63,32,JAWA BARAT,PALA,PERKEBUNAN NEGARA,0,TON,2013
64,32,JAWA BARAT,PANDAN,PERKEBUNAN RAKYAT,346,TON,2013
65,32,JAWA BARAT,PANDAN,PERKEBUNAN BESAR SWASTA,0,TON,2013
66,32,JAWA BARAT,PANDAN,PERKEBUNAN NEGARA,0,TON,2013
67,32,JAWA BARAT,PANILI,PERKEBUNAN RAKYAT,238,TON,2013
68,32,JAWA BARAT,PANILI,PERKEBUNAN BESAR SWASTA,0,TON,2013
69,32,JAWA BARAT,PANILI,PERKEBUNAN NEGARA,0,TON,2013
70,32,JAWA BARAT,PINANG,PERKEBUNAN RAKYAT,277,TON,2013
71,32,JAWA BARAT,PINANG,PERKEBUNAN BESAR SWASTA,0,TON,2013
72,32,JAWA BARAT,PINANG,PERKEBUNAN NEGARA,0,TON,2013
73,32,JAWA BARAT,T E H,PERKEBUNAN RAKYAT,43150,TON,2013
74,32,JAWA BARAT,T E H,PERKEBUNAN BESAR SWASTA,33031,TON,2013
75,32,JAWA BARAT,T E H,PERKEBUNAN NEGARA,37705,TON,2013
76,32,JAWA BARAT,AKARWANGI,PERKEBUNAN RAKYAT,73,TON,2013
77,32,JAWA BARAT,AKARWANGI,PERKEBUNAN BESAR SWASTA,0,TON,2013
78,32,JAWA BARAT,AKARWANGI,PERKEBUNAN NEGARA,0,TON,2013
79,32,JAWA BARAT,MENDONG,PERKEBUNAN RAKYAT,1813,TON,2013
80,32,JAWA BARAT,MENDONG,PERKEBUNAN BESAR SWASTA,0,TON,2013
81,32,JAWA BARAT,MENDONG,PERKEBUNAN NEGARA,0,TON,2013
82,32,JAWA BARAT,NILAM,PERKEBUNAN RAKYAT,239,TON,2013
83,32,JAWA BARAT,NILAM,PERKEBUNAN BESAR SWASTA,0,TON,2013
84,32,JAWA BARAT,NILAM,PERKEBUNAN NEGARA,0,TON,2013
85,32,JAWA BARAT,SEREHWANGI,PERKEBUNAN RAKYAT,307,TON,2013
86,32,JAWA BARAT,SEREHWANGI,PERKEBUNAN BESAR SWASTA,0,TON,2013
87,32,JAWA BARAT,SEREHWANGI,PERKEBUNAN NEGARA,0,TON,2013
88,32,JAWA BARAT,TEBU,PERKEBUNAN RAKYAT,48409,TON,2013
89,32,JAWA BARAT,TEBU,PERKEBUNAN BESAR SWASTA,0,TON,2013
90,32,JAWA BARAT,TEBU,PERKEBUNAN NEGARA,45487,TON,2013
91,32,JAWA BARAT,TEMBAKAU,PERKEBUNAN RAKYAT,8872,TON,2013
92,32,JAWA BARAT,TEMBAKAU,PERKEBUNAN BESAR SWASTA,0,TON,2013
93,32,JAWA BARAT,TEMBAKAU,PERKEBUNAN NEGARA,0,TON,2013
94,32,JAWA BARAT,AREN,PERKEBUNAN RAKYAT,23211,TON,2014
95,32,JAWA BARAT,AREN,PERKEBUNAN BESAR SWASTA,0,TON,2014
96,32,JAWA BARAT,AREN,PERKEBUNAN NEGARA,0,TON,2014
97,32,JAWA BARAT,CENGKEH,PERKEBUNAN RAKYAT,6578,TON,2014
98,32,JAWA BARAT,CENGKEH,PERKEBUNAN BESAR SWASTA,136,TON,2014
99,32,JAWA BARAT,CENGKEH,PERKEBUNAN NEGARA,0,TON,2014
100,32,JAWA BARAT,GUTTAPERCHA,PERKEBUNAN RAKYAT,0,TON,2014
101,32,JAWA BARAT,GUTTAPERCHA,PERKEBUNAN BESAR SWASTA,0,TON,2014
102,32,JAWA BARAT,GUTTAPERCHA,PERKEBUNAN NEGARA,0,TON,2014
103,32,JAWA BARAT,JAMBU METE,PERKEBUNAN RAKYAT,26,TON,2014
104,32,JAWA BARAT,JAMBU METE,PERKEBUNAN BESAR SWASTA,0,TON,2014
105,32,JAWA BARAT,JAMBU METE,PERKEBUNAN NEGARA,0,TON,2014
106,32,JAWA BARAT,JARAK,PERKEBUNAN RAKYAT,406,TON,2014
107,32,JAWA BARAT,JARAK,PERKEBUNAN BESAR SWASTA,0,TON,2014
108,32,JAWA BARAT,JARAK,PERKEBUNAN NEGARA,0,TON,2014
109,32,JAWA BARAT,KAKAO,PERKEBUNAN RAKYAT,1215,TON,2014
110,32,JAWA BARAT,KAKAO,PERKEBUNAN BESAR SWASTA,1506,TON,2014
111,32,JAWA BARAT,KAKAO,PERKEBUNAN NEGARA,0,TON,2014
112,32,JAWA BARAT,KAPOK,PERKEBUNAN RAKYAT,558,TON,2014
113,32,JAWA BARAT,KAPOK,PERKEBUNAN BESAR SWASTA,0,TON,2014
114,32,JAWA BARAT,KAPOK,PERKEBUNAN NEGARA,0,TON,2014
115,32,JAWA BARAT,KARET,PERKEBUNAN RAKYAT,5042,TON,2014
116,32,JAWA BARAT,KARET,PERKEBUNAN BESAR SWASTA,11552,TON,2014
117,32,JAWA BARAT,KARET,PERKEBUNAN NEGARA,15096,TON,2014
118,32,JAWA BARAT,KAYU MANIS,PERKEBUNAN RAKYAT,9,TON,2014
119,32,JAWA BARAT,KAYU MANIS,PERKEBUNAN BESAR SWASTA,0,TON,2014
120,32,JAWA BARAT,KAYU MANIS,PERKEBUNAN NEGARA,0,TON,2014
121,32,JAWA BARAT,KELAPA DALAM,PERKEBUNAN RAKYAT,103626,TON,2014
122,32,JAWA BARAT,KELAPA DALAM,PERKEBUNAN BESAR SWASTA,387,TON,2014
123,32,JAWA BARAT,KELAPA DALAM,PERKEBUNAN NEGARA,0,TON,2014
124,32,JAWA BARAT,KELAPA HIBRIDA,PERKEBUNAN RAKYAT,3278,TON,2014
125,32,JAWA BARAT,KELAPA HIBRIDA,PERKEBUNAN BESAR SWASTA,443,TON,2014
126,32,JAWA BARAT,KELAPA HIBRIDA,PERKEBUNAN NEGARA,0,TON,2014
127,32,JAWA BARAT,KELAPA SAWIT,PERKEBUNAN RAKYAT,840,TON,2014
128,32,JAWA BARAT,KELAPA SAWIT,PERKEBUNAN BESAR SWASTA,48003,TON,2014
129,32,JAWA BARAT,KELAPA SAWIT,PERKEBUNAN NEGARA,113839,TON,2014
130,32,JAWA BARAT,KEMIRI,PERKEBUNAN RAKYAT,233,TON,2014
131,32,JAWA BARAT,KEMIRI,PERKEBUNAN BESAR SWASTA,0,TON,2014
132,32,JAWA BARAT,KEMIRI,PERKEBUNAN NEGARA,0,TON,2014
133,32,JAWA BARAT,KEMIRI SUNAN,PERKEBUNAN RAKYAT,3,TON,2014
134,32,JAWA BARAT,KEMIRI SUNAN,PERKEBUNAN BESAR SWASTA,0,TON,2014
135,32,JAWA BARAT,KEMIRI SUNAN,PERKEBUNAN NEGARA,0,TON,2014
136,32,JAWA BARAT,KENANGA,PERKEBUNAN RAKYAT,10,TON,2014
137,32,JAWA BARAT,KENANGA,PERKEBUNAN BESAR SWASTA,0,TON,2014
138,32,JAWA BARAT,KENANGA,PERKEBUNAN NEGARA,0,TON,2014
139,32,JAWA BARAT,KINA,PERKEBUNAN RAKYAT,29,TON,2014
140,32,JAWA BARAT,KINA,PERKEBUNAN BESAR SWASTA,258,TON,2014
141,32,JAWA BARAT,KINA,PERKEBUNAN NEGARA,115,TON,2014
142,32,JAWA BARAT,KOPI ARABIKA,PERKEBUNAN RAKYAT,9300,TON,2014
143,32,JAWA BARAT,KOPI ARABIKA,PERKEBUNAN BESAR SWASTA,373,TON,2014
144,32,JAWA BARAT,KOPI ARABIKA,PERKEBUNAN NEGARA,0,TON,2014
145,32,JAWA BARAT,KOPI ROBUSTA,PERKEBUNAN RAKYAT,7853,TON,2014
146,32,JAWA BARAT,KOPI ROBUSTA,PERKEBUNAN BESAR SWASTA,5,TON,2014
147,32,JAWA BARAT,KOPI ROBUSTA,PERKEBUNAN NEGARA,0,TON,2014
148,32,JAWA BARAT,KUMIS KUCING,PERKEBUNAN RAKYAT,60,TON,2014
149,32,JAWA BARAT,KUMIS KUCING,PERKEBUNAN BESAR SWASTA,0,TON,2014
150,32,JAWA BARAT,KUMIS KUCING,PERKEBUNAN NEGARA,0,TON,2014
151,32,JAWA BARAT,LADA,PERKEBUNAN RAKYAT,842,TON,2014
152,32,JAWA BARAT,LADA,PERKEBUNAN BESAR SWASTA,0,TON,2014
153,32,JAWA BARAT,LADA,PERKEBUNAN NEGARA,0,TON,2014
154,32,JAWA BARAT,PALA,PERKEBUNAN RAKYAT,1019,TON,2014
155,32,JAWA BARAT,PALA,PERKEBUNAN BESAR SWASTA,0,TON,2014
156,32,JAWA BARAT,PALA,PERKEBUNAN NEGARA,0,TON,2014
157,32,JAWA BARAT,PANDAN,PERKEBUNAN RAKYAT,340,TON,2014
158,32,JAWA BARAT,PANDAN,PERKEBUNAN BESAR SWASTA,0,TON,2014
159,32,JAWA BARAT,PANDAN,PERKEBUNAN NEGARA,0,TON,2014
160,32,JAWA BARAT,PANILI,PERKEBUNAN RAKYAT,216,TON,2014
161,32,JAWA BARAT,PANILI,PERKEBUNAN BESAR SWASTA,0,TON,2014
162,32,JAWA BARAT,PANILI,PERKEBUNAN NEGARA,0,TON,2014
163,32,JAWA BARAT,PINANG,PERKEBUNAN RAKYAT,164,TON,2014
164,32,JAWA BARAT,PINANG,PERKEBUNAN BESAR SWASTA,0,TON,2014
165,32,JAWA BARAT,PINANG,PERKEBUNAN NEGARA,0,TON,2014
166,32,JAWA BARAT,T E H,PERKEBUNAN RAKYAT,40403,TON,2014
167,32,JAWA BARAT,T E H,PERKEBUNAN BESAR SWASTA,27735,TON,2014
168,32,JAWA BARAT,T E H,PERKEBUNAN NEGARA,37140,TON,2014
169,32,JAWA BARAT,AKARWANGI,PERKEBUNAN RAKYAT,71,TON,2014
170,32,JAWA BARAT,AKARWANGI,PERKEBUNAN BESAR SWASTA,0,TON,2014
171,32,JAWA BARAT,AKARWANGI,PERKEBUNAN NEGARA,0,TON,2014
172,32,JAWA BARAT,MENDONG,PERKEBUNAN RAKYAT,2006,TON,2014
173,32,JAWA BARAT,MENDONG,PERKEBUNAN BESAR SWASTA,0,TON,2014
174,32,JAWA BARAT,MENDONG,PERKEBUNAN NEGARA,0,TON,2014
175,32,JAWA BARAT,NILAM,PERKEBUNAN RAKYAT,234,TON,2014
176,32,JAWA BARAT,NILAM,PERKEBUNAN BESAR SWASTA,0,TON,2014
177,32,JAWA BARAT,NILAM,PERKEBUNAN NEGARA,0,TON,2014
178,32,JAWA BARAT,SEREHWANGI,PERKEBUNAN RAKYAT,414,TON,2014
179,32,JAWA BARAT,SEREHWANGI,PERKEBUNAN BESAR SWASTA,0,TON,2014
180,32,JAWA BARAT,SEREHWANGI,PERKEBUNAN NEGARA,0,TON,2014
181,32,JAWA BARAT,TEBU,PERKEBUNAN RAKYAT,42462,TON,2014
182,32,JAWA BARAT,TEBU,PERKEBUNAN BESAR SWASTA,0,TON,2014
183,32,JAWA BARAT,TEBU,PERKEBUNAN NEGARA,36859,TON,2014
184,32,JAWA BARAT,TEMBAKAU,PERKEBUNAN RAKYAT,8126,TON,2014
185,32,JAWA BARAT,TEMBAKAU,PERKEBUNAN BESAR SWASTA,0,TON,2014
186,32,JAWA BARAT,TEMBAKAU,PERKEBUNAN NEGARA,0,TON,2014
187,32,JAWA BARAT,AREN,PERKEBUNAN RAKYAT,22489,TON,2015
188,32,JAWA BARAT,AREN,PERKEBUNAN BESAR SWASTA,0,TON,2015
189,32,JAWA BARAT,AREN,PERKEBUNAN NEGARA,0,TON,2015
190,32,JAWA BARAT,CENGKEH,PERKEBUNAN RAKYAT,6662,TON,2015
191,32,JAWA BARAT,CENGKEH,PERKEBUNAN BESAR SWASTA,236,TON,2015
192,32,JAWA BARAT,CENGKEH,PERKEBUNAN NEGARA,0,TON,2015
193,32,JAWA BARAT,GUTTAPERCHA,PERKEBUNAN RAKYAT,0,TON,2015
194,32,JAWA BARAT,GUTTAPERCHA,PERKEBUNAN BESAR SWASTA,0,TON,2015
195,32,JAWA BARAT,GUTTAPERCHA,PERKEBUNAN NEGARA,0,TON,2015
196,32,JAWA BARAT,JAMBU METE,PERKEBUNAN RAKYAT,23,TON,2015
197,32,JAWA BARAT,JAMBU METE,PERKEBUNAN BESAR SWASTA,0,TON,2015
198,32,JAWA BARAT,JAMBU METE,PERKEBUNAN NEGARA,0,TON,2015
199,32,JAWA BARAT,JARAK,PERKEBUNAN RAKYAT,321,TON,2015
200,32,JAWA BARAT,JARAK,PERKEBUNAN BESAR SWASTA,0,TON,2015
201,32,JAWA BARAT,JARAK,PERKEBUNAN NEGARA,0,TON,2015
202,32,JAWA BARAT,KAKAO,PERKEBUNAN RAKYAT,1106,TON,2015
203,32,JAWA BARAT,KAKAO,PERKEBUNAN BESAR SWASTA,1595,TON,2015
204,32,JAWA BARAT,KAKAO,PERKEBUNAN NEGARA,0,TON,2015
205,32,JAWA BARAT,KAPOK,PERKEBUNAN RAKYAT,433,TON,2015
206,32,JAWA BARAT,KAPOK,PERKEBUNAN BESAR SWASTA,0,TON,2015
207,32,JAWA BARAT,KAPOK,PERKEBUNAN NEGARA,0,TON,2015
208,32,JAWA BARAT,KARET,PERKEBUNAN RAKYAT,4989,TON,2015
209,32,JAWA BARAT,KARET,PERKEBUNAN BESAR SWASTA,15782,TON,2015
210,32,JAWA BARAT,KARET,PERKEBUNAN NEGARA,15794,TON,2015
211,32,JAWA BARAT,KAYU MANIS,PERKEBUNAN RAKYAT,9,TON,2015
212,32,JAWA BARAT,KAYU MANIS,PERKEBUNAN BESAR SWASTA,0,TON,2015
213,32,JAWA BARAT,KAYU MANIS,PERKEBUNAN NEGARA,0,TON,2015
214,32,JAWA BARAT,KELAPA DALAM,PERKEBUNAN RAKYAT,101289,TON,2015
215,32,JAWA BARAT,KELAPA DALAM,PERKEBUNAN BESAR SWASTA,227,TON,2015
216,32,JAWA BARAT,KELAPA DALAM,PERKEBUNAN NEGARA,0,TON,2015
217,32,JAWA BARAT,KELAPA HIBRIDA,PERKEBUNAN RAKYAT,3315,TON,2015
218,32,JAWA BARAT,KELAPA HIBRIDA,PERKEBUNAN BESAR SWASTA,320,TON,2015
219,32,JAWA BARAT,KELAPA HIBRIDA,PERKEBUNAN NEGARA,0,TON,2015
220,32,JAWA BARAT,KELAPA SAWIT,PERKEBUNAN RAKYAT,879,TON,2015
221,32,JAWA BARAT,KELAPA SAWIT,PERKEBUNAN BESAR SWASTA,48010,TON,2015
222,32,JAWA BARAT,KELAPA SAWIT,PERKEBUNAN NEGARA,125981,TON,2015
223,32,JAWA BARAT,KEMIRI,PERKEBUNAN RAKYAT,244,TON,2015
224,32,JAWA BARAT,KEMIRI,PERKEBUNAN BESAR SWASTA,0,TON,2015
225,32,JAWA BARAT,KEMIRI,PERKEBUNAN NEGARA,0,TON,2015
226,32,JAWA BARAT,KEMIRI SUNAN,PERKEBUNAN RAKYAT,3,TON,2015
227,32,JAWA BARAT,KEMIRI SUNAN,PERKEBUNAN BESAR SWASTA,0,TON,2015
228,32,JAWA BARAT,KEMIRI SUNAN,PERKEBUNAN NEGARA,0,TON,2015
229,32,JAWA BARAT,KENANGA,PERKEBUNAN RAKYAT,20,TON,2015
230,32,JAWA BARAT,KENANGA,PERKEBUNAN BESAR SWASTA,0,TON,2015
231,32,JAWA BARAT,KENANGA,PERKEBUNAN NEGARA,0,TON,2015
232,32,JAWA BARAT,KINA,PERKEBUNAN RAKYAT,29,TON,2015
233,32,JAWA BARAT,KINA,PERKEBUNAN BESAR SWASTA,248,TON,2015
234,32,JAWA BARAT,KINA,PERKEBUNAN NEGARA,124,TON,2015
235,32,JAWA BARAT,KOPI ARABIKA,PERKEBUNAN RAKYAT,9341,TON,2015
236,32,JAWA BARAT,KOPI ARABIKA,PERKEBUNAN BESAR SWASTA,55,TON,2015
237,32,JAWA BARAT,KOPI ARABIKA,PERKEBUNAN NEGARA,0,TON,2015
238,32,JAWA BARAT,KOPI ROBUSTA,PERKEBUNAN RAKYAT,8060,TON,2015
239,32,JAWA BARAT,KOPI ROBUSTA,PERKEBUNAN BESAR SWASTA,6,TON,2015
240,32,JAWA BARAT,KOPI ROBUSTA,PERKEBUNAN NEGARA,0,TON,2015
241,32,JAWA BARAT,KUMIS KUCING,PERKEBUNAN RAKYAT,54,TON,2015
242,32,JAWA BARAT,KUMIS KUCING,PERKEBUNAN BESAR SWASTA,0,TON,2015
243,32,JAWA BARAT,KUMIS KUCING,PERKEBUNAN NEGARA,0,TON,2015
244,32,JAWA BARAT,LADA,PERKEBUNAN RAKYAT,832,TON,2015
245,32,JAWA BARAT,LADA,PERKEBUNAN BESAR SWASTA,0,TON,2015
246,32,JAWA BARAT,LADA,PERKEBUNAN NEGARA,0,TON,2015
247,32,JAWA BARAT,PALA,PERKEBUNAN RAKYAT,1056,TON,2015
248,32,JAWA BARAT,PALA,PERKEBUNAN BESAR SWASTA,0,TON,2015
249,32,JAWA BARAT,PALA,PERKEBUNAN NEGARA,0,TON,2015
250,32,JAWA BARAT,PANDAN,PERKEBUNAN RAKYAT,203,TON,2015
251,32,JAWA BARAT,PANDAN,PERKEBUNAN BESAR SWASTA,0,TON,2015
252,32,JAWA BARAT,PANDAN,PERKEBUNAN NEGARA,0,TON,2015
253,32,JAWA BARAT,PANILI,PERKEBUNAN RAKYAT,160,TON,2015
254,32,JAWA BARAT,PANILI,PERKEBUNAN BESAR SWASTA,0,TON,2015
255,32,JAWA BARAT,PANILI,PERKEBUNAN NEGARA,0,TON,2015
256,32,JAWA BARAT,PINANG,PERKEBUNAN RAKYAT,152,TON,2015
257,32,JAWA BARAT,PINANG,PERKEBUNAN BESAR SWASTA,1,TON,2015
258,32,JAWA BARAT,PINANG,PERKEBUNAN NEGARA,0,TON,2015
259,32,JAWA BARAT,T E H,PERKEBUNAN RAKYAT,40125,TON,2015
260,32,JAWA BARAT,T E H,PERKEBUNAN BESAR SWASTA,24880,TON,2015
261,32,JAWA BARAT,T E H,PERKEBUNAN NEGARA,25589,TON,2015
262,32,JAWA BARAT,AKARWANGI,PERKEBUNAN RAKYAT,71,TON,2015
263,32,JAWA BARAT,AKARWANGI,PERKEBUNAN BESAR SWASTA,0,TON,2015
264,32,JAWA BARAT,AKARWANGI,PERKEBUNAN NEGARA,0,TON,2015
265,32,JAWA BARAT,MENDONG,PERKEBUNAN RAKYAT,1300,TON,2015
266,32,JAWA BARAT,MENDONG,PERKEBUNAN BESAR SWASTA,0,TON,2015
267,32,JAWA BARAT,MENDONG,PERKEBUNAN NEGARA,0,TON,2015
268,32,JAWA BARAT,NILAM,PERKEBUNAN RAKYAT,219,TON,2015
269,32,JAWA BARAT,NILAM,PERKEBUNAN BESAR SWASTA,0,TON,2015
270,32,JAWA BARAT,NILAM,PERKEBUNAN NEGARA,0,TON,2015
271,32,JAWA BARAT,SEREHWANGI,PERKEBUNAN RAKYAT,484,TON,2015
272,32,JAWA BARAT,SEREHWANGI,PERKEBUNAN BESAR SWASTA,0,TON,2015
273,32,JAWA BARAT,SEREHWANGI,PERKEBUNAN NEGARA,0,TON,2015
274,32,JAWA BARAT,TEBU,PERKEBUNAN RAKYAT,38184,TON,2015
275,32,JAWA BARAT,TEBU,PERKEBUNAN BESAR SWASTA,0,TON,2015
276,32,JAWA BARAT,TEBU,PERKEBUNAN NEGARA,47736,TON,2015
277,32,JAWA BARAT,TEMBAKAU,PERKEBUNAN RAKYAT,8471,TON,2015
278,32,JAWA BARAT,TEMBAKAU,PERKEBUNAN BESAR SWASTA,0,TON,2015
279,32,JAWA BARAT,TEMBAKAU,PERKEBUNAN NEGARA,0,TON,2015
280,32,JAWA BARAT,AREN,PERKEBUNAN RAKYAT,22526,TON,2016
281,32,JAWA BARAT,AREN,PERKEBUNAN BESAR SWASTA,0,TON,2016
282,32,JAWA BARAT,AREN,PERKEBUNAN NEGARA,0,TON,2016
283,32,JAWA BARAT,CENGKEH,PERKEBUNAN RAKYAT,6749,TON,2016
284,32,JAWA BARAT,CENGKEH,PERKEBUNAN BESAR SWASTA,177,TON,2016
285,32,JAWA BARAT,CENGKEH,PERKEBUNAN NEGARA,0,TON,2016
286,32,JAWA BARAT,GUTTAPERCHA,PERKEBUNAN RAKYAT,0,TON,2016
287,32,JAWA BARAT,GUTTAPERCHA,PERKEBUNAN BESAR SWASTA,0,TON,2016
288,32,JAWA BARAT,GUTTAPERCHA,PERKEBUNAN NEGARA,0,TON,2016
289,32,JAWA BARAT,JAMBU METE,PERKEBUNAN RAKYAT,18,TON,2016
290,32,JAWA BARAT,JAMBU METE,PERKEBUNAN BESAR SWASTA,0,TON,2016
291,32,JAWA BARAT,JAMBU METE,PERKEBUNAN NEGARA,0,TON,2016
292,32,JAWA BARAT,JARAK,PERKEBUNAN RAKYAT,316,TON,2016
293,32,JAWA BARAT,JARAK,PERKEBUNAN BESAR SWASTA,0,TON,2016
294,32,JAWA BARAT,JARAK,PERKEBUNAN NEGARA,0,TON,2016
295,32,JAWA BARAT,KAKAO,PERKEBUNAN RAKYAT,937,TON,2016
296,32,JAWA BARAT,KAKAO,PERKEBUNAN BESAR SWASTA,1613,TON,2016
297,32,JAWA BARAT,KAKAO,PERKEBUNAN NEGARA,0,TON,2016
298,32,JAWA BARAT,KAPOK,PERKEBUNAN RAKYAT,331,TON,2016
299,32,JAWA BARAT,KAPOK,PERKEBUNAN BESAR SWASTA,0,TON,2016
300,32,JAWA BARAT,KAPOK,PERKEBUNAN NEGARA,0,TON,2016
301,32,JAWA BARAT,KARET,PERKEBUNAN RAKYAT,4737,TON,2016
302,32,JAWA BARAT,KARET,PERKEBUNAN BESAR SWASTA,14388,TON,2016
303,32,JAWA BARAT,KARET,PERKEBUNAN NEGARA,17345,TON,2016
304,32,JAWA BARAT,KAYU MANIS,PERKEBUNAN RAKYAT,21,TON,2016
305,32,JAWA BARAT,KAYU MANIS,PERKEBUNAN BESAR SWASTA,0,TON,2016
306,32,JAWA BARAT,KAYU MANIS,PERKEBUNAN NEGARA,0,TON,2016
307,32,JAWA BARAT,KELAPA DALAM,PERKEBUNAN RAKYAT,92413,TON,2016
308,32,JAWA BARAT,KELAPA DALAM,PERKEBUNAN BESAR SWASTA,152,TON,2016
309,32,JAWA BARAT,KELAPA DALAM,PERKEBUNAN NEGARA,0,TON,2016
310,32,JAWA BARAT,KELAPA DERES,PERKEBUNAN RAKYAT,83913,TON,2016
311,32,JAWA BARAT,KELAPA DERES,PERKEBUNAN BESAR SWASTA,0,TON,2016
312,32,JAWA BARAT,KELAPA DERES,PERKEBUNAN NEGARA,0,TON,2016
313,32,JAWA BARAT,KELAPA HIBRIDA,PERKEBUNAN RAKYAT,3183,TON,2016
314,32,JAWA BARAT,KELAPA HIBRIDA,PERKEBUNAN BESAR SWASTA,320,TON,2016
315,32,JAWA BARAT,KELAPA HIBRIDA,PERKEBUNAN NEGARA,0,TON,2016
316,32,JAWA BARAT,KELAPA SAWIT,PERKEBUNAN RAKYAT,1237,TON,2016
317,32,JAWA BARAT,KELAPA SAWIT,PERKEBUNAN BESAR SWASTA,48010,TON,2016
318,32,JAWA BARAT,KELAPA SAWIT,PERKEBUNAN NEGARA,109728,TON,2016
319,32,JAWA BARAT,KEMIRI,PERKEBUNAN RAKYAT,230,TON,2016
320,32,JAWA BARAT,KEMIRI,PERKEBUNAN BESAR SWASTA,0,TON,2016
321,32,JAWA BARAT,KEMIRI,PERKEBUNAN NEGARA,0,TON,2016
322,32,JAWA BARAT,KEMIRI SUNAN,PERKEBUNAN RAKYAT,2,TON,2016
323,32,JAWA BARAT,KEMIRI SUNAN,PERKEBUNAN BESAR SWASTA,0,TON,2016
324,32,JAWA BARAT,KEMIRI SUNAN,PERKEBUNAN NEGARA,0,TON,2016
325,32,JAWA BARAT,KENANGA,PERKEBUNAN RAKYAT,10,TON,2016
326,32,JAWA BARAT,KENANGA,PERKEBUNAN BESAR SWASTA,0,TON,2016
327,32,JAWA BARAT,KENANGA,PERKEBUNAN NEGARA,0,TON,2016
328,32,JAWA BARAT,KINA,PERKEBUNAN RAKYAT,29,TON,2016
329,32,JAWA BARAT,KINA,PERKEBUNAN BESAR SWASTA,248,TON,2016
330,32,JAWA BARAT,KINA,PERKEBUNAN NEGARA,71,TON,2016
331,32,JAWA BARAT,KOPI ARABIKA,PERKEBUNAN RAKYAT,10381,TON,2016
332,32,JAWA BARAT,KOPI ARABIKA,PERKEBUNAN BESAR SWASTA,55,TON,2016
333,32,JAWA BARAT,KOPI ARABIKA,PERKEBUNAN NEGARA,0,TON,2016
334,32,JAWA BARAT,KOPI ROBUSTA,PERKEBUNAN RAKYAT,7248,TON,2016
335,32,JAWA BARAT,KOPI ROBUSTA,PERKEBUNAN BESAR SWASTA,0,TON,2016
336,32,JAWA BARAT,KOPI ROBUSTA,PERKEBUNAN NEGARA,0,TON,2016
337,32,JAWA BARAT,KUMIS KUCING,PERKEBUNAN RAKYAT,55,TON,2016
338,32,JAWA BARAT,KUMIS KUCING,PERKEBUNAN BESAR SWASTA,0,TON,2016
339,32,JAWA BARAT,KUMIS KUCING,PERKEBUNAN NEGARA,0,TON,2016
340,32,JAWA BARAT,LADA,PERKEBUNAN RAKYAT,808,TON,2016
341,32,JAWA BARAT,LADA,PERKEBUNAN BESAR SWASTA,0,TON,2016
342,32,JAWA BARAT,LADA,PERKEBUNAN NEGARA,0,TON,2016
343,32,JAWA BARAT,PALA,PERKEBUNAN RAKYAT,1393,TON,2016
344,32,JAWA BARAT,PALA,PERKEBUNAN BESAR SWASTA,0,TON,2016
345,32,JAWA BARAT,PALA,PERKEBUNAN NEGARA,0,TON,2016
346,32,JAWA BARAT,PANDAN,PERKEBUNAN RAKYAT,207,TON,2016
347,32,JAWA BARAT,PANDAN,PERKEBUNAN BESAR SWASTA,0,TON,2016
348,32,JAWA BARAT,PANDAN,PERKEBUNAN NEGARA,0,TON,2016
349,32,JAWA BARAT,PANILI,PERKEBUNAN RAKYAT,179,TON,2016
350,32,JAWA BARAT,PANILI,PERKEBUNAN BESAR SWASTA,0,TON,2016
351,32,JAWA BARAT,PANILI,PERKEBUNAN NEGARA,0,TON,2016
352,32,JAWA BARAT,PINANG,PERKEBUNAN RAKYAT,147,TON,2016
353,32,JAWA BARAT,PINANG,PERKEBUNAN BESAR SWASTA,25,TON,2016
354,32,JAWA BARAT,PINANG,PERKEBUNAN NEGARA,0,TON,2016
355,32,JAWA BARAT,T E H,PERKEBUNAN RAKYAT,40602,TON,2016
356,32,JAWA BARAT,T E H,PERKEBUNAN BESAR SWASTA,26130,TON,2016
357,32,JAWA BARAT,T E H,PERKEBUNAN NEGARA,31280,TON,2016
358,32,JAWA BARAT,AKARWANGI,PERKEBUNAN RAKYAT,71,TON,2016
359,32,JAWA BARAT,AKARWANGI,PERKEBUNAN BESAR SWASTA,0,TON,2016
360,32,JAWA BARAT,AKARWANGI,PERKEBUNAN NEGARA,0,TON,2016
361,32,JAWA BARAT,MENDONG,PERKEBUNAN RAKYAT,1299,TON,2016
362,32,JAWA BARAT,MENDONG,PERKEBUNAN BESAR SWASTA,0,TON,2016
363,32,JAWA BARAT,MENDONG,PERKEBUNAN NEGARA,0,TON,2016
364,32,JAWA BARAT,NILAM,PERKEBUNAN RAKYAT,202,TON,2016
365,32,JAWA BARAT,NILAM,PERKEBUNAN BESAR SWASTA,0,TON,2016
366,32,JAWA BARAT,NILAM,PERKEBUNAN NEGARA,0,TON,2016
367,32,JAWA BARAT,SEREHWANGI,PERKEBUNAN RAKYAT,489,TON,2016
368,32,JAWA BARAT,SEREHWANGI,PERKEBUNAN BESAR SWASTA,0,TON,2016
369,32,JAWA BARAT,SEREHWANGI,PERKEBUNAN NEGARA,0,TON,2016
370,32,JAWA BARAT,TEBU,PERKEBUNAN RAKYAT,31139,TON,2016
371,32,JAWA BARAT,TEBU,PERKEBUNAN BESAR SWASTA,0,TON,2016
372,32,JAWA BARAT,TEBU,PERKEBUNAN NEGARA,46355,TON,2016
373,32,JAWA BARAT,TEMBAKAU,PERKEBUNAN RAKYAT,8601,TON,2016
374,32,JAWA BARAT,TEMBAKAU,PERKEBUNAN BESAR SWASTA,0,TON,2016
375,32,JAWA BARAT,TEMBAKAU,PERKEBUNAN NEGARA,0,TON,2016
376,32,JAWA BARAT,AREN,PERKEBUNAN RAKYAT,38425,TON,2017
377,32,JAWA BARAT,AREN,PERKEBUNAN BESAR SWASTA,0,TON,2017
378,32,JAWA BARAT,AREN,PERKEBUNAN NEGARA,0,TON,2017
379,32,JAWA BARAT,CENGKEH,PERKEBUNAN RAKYAT,6315,TON,2017
380,32,JAWA BARAT,CENGKEH,PERKEBUNAN BESAR SWASTA,423,TON,2017
381,32,JAWA BARAT,CENGKEH,PERKEBUNAN NEGARA,0,TON,2017
382,32,JAWA BARAT,GUTTAPERCHA,PERKEBUNAN RAKYAT,0,TON,2017
383,32,JAWA BARAT,GUTTAPERCHA,PERKEBUNAN BESAR SWASTA,0,TON,2017
384,32,JAWA BARAT,GUTTAPERCHA,PERKEBUNAN NEGARA,0,TON,2017
385,32,JAWA BARAT,JAMBU METE,PERKEBUNAN RAKYAT,18,TON,2017
386,32,JAWA BARAT,JAMBU METE,PERKEBUNAN BESAR SWASTA,0,TON,2017
387,32,JAWA BARAT,JAMBU METE,PERKEBUNAN NEGARA,0,TON,2017
388,32,JAWA BARAT,JARAK,PERKEBUNAN RAKYAT,39,TON,2017
389,32,JAWA BARAT,JARAK,PERKEBUNAN BESAR SWASTA,0,TON,2017
390,32,JAWA BARAT,JARAK,PERKEBUNAN NEGARA,0,TON,2017
391,32,JAWA BARAT,KAKAO,PERKEBUNAN RAKYAT,939,TON,2017
392,32,JAWA BARAT,KAKAO,PERKEBUNAN BESAR SWASTA,3212,TON,2017
393,32,JAWA BARAT,KAKAO,PERKEBUNAN NEGARA,0,TON,2017
394,32,JAWA BARAT,KAPOK,PERKEBUNAN RAKYAT,295,TON,2017
395,32,JAWA BARAT,KAPOK,PERKEBUNAN BESAR SWASTA,0,TON,2017
396,32,JAWA BARAT,KAPOK,PERKEBUNAN NEGARA,0,TON,2017
397,32,JAWA BARAT,KARET,PERKEBUNAN RAKYAT,4488,TON,2017
398,32,JAWA BARAT,KARET,PERKEBUNAN BESAR SWASTA,15449,TON,2017
399,32,JAWA BARAT,KARET,PERKEBUNAN NEGARA,15782,TON,2017
400,32,JAWA BARAT,KAYU MANIS,PERKEBUNAN RAKYAT,11,TON,2017
401,32,JAWA BARAT,KAYU MANIS,PERKEBUNAN BESAR SWASTA,0,TON,2017
402,32,JAWA BARAT,KAYU MANIS,PERKEBUNAN NEGARA,0,TON,2017
403,32,JAWA BARAT,KELAPA DALAM,PERKEBUNAN RAKYAT,90567,TON,2017
404,32,JAWA BARAT,KELAPA DALAM,PERKEBUNAN BESAR SWASTA,1051,TON,2017
405,32,JAWA BARAT,KELAPA DALAM,PERKEBUNAN NEGARA,0,TON,2017
406,32,JAWA BARAT,KELAPA DERES,PERKEBUNAN RAKYAT,108198,TON,2017
407,32,JAWA BARAT,KELAPA DERES,PERKEBUNAN BESAR SWASTA,0,TON,2017
408,32,JAWA BARAT,KELAPA DERES,PERKEBUNAN NEGARA,0,TON,2017
409,32,JAWA BARAT,KELAPA HIBRIDA,PERKEBUNAN RAKYAT,809,TON,2017
410,32,JAWA BARAT,KELAPA HIBRIDA,PERKEBUNAN BESAR SWASTA,2125,TON,2017
411,32,JAWA BARAT,KELAPA HIBRIDA,PERKEBUNAN NEGARA,0,TON,2017
412,32,JAWA BARAT,KELAPA SAWIT,PERKEBUNAN RAKYAT,1791,TON,2017
413,32,JAWA BARAT,KELAPA SAWIT,PERKEBUNAN BESAR SWASTA,60112,TON,2017
414,32,JAWA BARAT,KELAPA SAWIT,PERKEBUNAN NEGARA,125888,TON,2017
415,32,JAWA BARAT,KEMIRI,PERKEBUNAN RAKYAT,223,TON,2017
416,32,JAWA BARAT,KEMIRI,PERKEBUNAN BESAR SWASTA,0,TON,2017
417,32,JAWA BARAT,KEMIRI,PERKEBUNAN NEGARA,0,TON,2017
418,32,JAWA BARAT,KEMIRI SUNAN,PERKEBUNAN RAKYAT,0.4,TON,2017
419,32,JAWA BARAT,KEMIRI SUNAN,PERKEBUNAN BESAR SWASTA,0,TON,2017
420,32,JAWA BARAT,KEMIRI SUNAN,PERKEBUNAN NEGARA,0,TON,2017
421,32,JAWA BARAT,KENANGA,PERKEBUNAN RAKYAT,9,TON,2017
422,32,JAWA BARAT,KENANGA,PERKEBUNAN BESAR SWASTA,0,TON,2017
423,32,JAWA BARAT,KENANGA,PERKEBUNAN NEGARA,0,TON,2017
424,32,JAWA BARAT,KINA,PERKEBUNAN RAKYAT,9,TON,2017
425,32,JAWA BARAT,KINA,PERKEBUNAN BESAR SWASTA,131,TON,2017
426,32,JAWA BARAT,KINA,PERKEBUNAN NEGARA,99,TON,2017
427,32,JAWA BARAT,KOPI ARABIKA,PERKEBUNAN RAKYAT,8520,TON,2017
428,32,JAWA BARAT,KOPI ARABIKA,PERKEBUNAN BESAR SWASTA,178,TON,2017
429,32,JAWA BARAT,KOPI ARABIKA,PERKEBUNAN NEGARA,0,TON,2017
430,32,JAWA BARAT,KOPI ROBUSTA,PERKEBUNAN RAKYAT,8204,TON,2017
431,32,JAWA BARAT,KOPI ROBUSTA,PERKEBUNAN BESAR SWASTA,6,TON,2017
432,32,JAWA BARAT,KOPI ROBUSTA,PERKEBUNAN NEGARA,0,TON,2017
433,32,JAWA BARAT,KUMIS KUCING,PERKEBUNAN RAKYAT,56,TON,2017
434,32,JAWA BARAT,KUMIS KUCING,PERKEBUNAN BESAR SWASTA,0,TON,2017
435,32,JAWA BARAT,KUMIS KUCING,PERKEBUNAN NEGARA,0,TON,2017
436,32,JAWA BARAT,LADA,PERKEBUNAN RAKYAT,822,TON,2017
437,32,JAWA BARAT,LADA,PERKEBUNAN BESAR SWASTA,0,TON,2017
438,32,JAWA BARAT,LADA,PERKEBUNAN NEGARA,0,TON,2017
439,32,JAWA BARAT,PALA,PERKEBUNAN RAKYAT,1115,TON,2017
440,32,JAWA BARAT,PALA,PERKEBUNAN BESAR SWASTA,0,TON,2017
441,32,JAWA BARAT,PALA,PERKEBUNAN NEGARA,0,TON,2017
442,32,JAWA BARAT,PANDAN,PERKEBUNAN RAKYAT,192,TON,2017
443,32,JAWA BARAT,PANDAN,PERKEBUNAN BESAR SWASTA,0,TON,2017
444,32,JAWA BARAT,PANDAN,PERKEBUNAN NEGARA,0,TON,2017
445,32,JAWA BARAT,PANILI,PERKEBUNAN RAKYAT,144,TON,2017
446,32,JAWA BARAT,PANILI,PERKEBUNAN BESAR SWASTA,0,TON,2017
447,32,JAWA BARAT,PANILI,PERKEBUNAN NEGARA,0,TON,2017
448,32,JAWA BARAT,PINANG,PERKEBUNAN RAKYAT,144,TON,2017
449,32,JAWA BARAT,PINANG,PERKEBUNAN BESAR SWASTA,43,TON,2017
450,32,JAWA BARAT,PINANG,PERKEBUNAN NEGARA,0,TON,2017
451,32,JAWA BARAT,T E H,PERKEBUNAN RAKYAT,40607,TON,2017
452,32,JAWA BARAT,T E H,PERKEBUNAN BESAR SWASTA,29477,TON,2017
453,32,JAWA BARAT,T E H,PERKEBUNAN NEGARA,30914,TON,2017
454,32,JAWA BARAT,AKARWANGI,PERKEBUNAN RAKYAT,52,TON,2017
455,32,JAWA BARAT,AKARWANGI,PERKEBUNAN BESAR SWASTA,0,TON,2017
456,32,JAWA BARAT,AKARWANGI,PERKEBUNAN NEGARA,0,TON,2017
457,32,JAWA BARAT,MENDONG,PERKEBUNAN RAKYAT,1299,TON,2017
458,32,JAWA BARAT,MENDONG,PERKEBUNAN BESAR SWASTA,0,TON,2017
459,32,JAWA BARAT,MENDONG,PERKEBUNAN NEGARA,0,TON,2017
460,32,JAWA BARAT,NILAM,PERKEBUNAN RAKYAT,95,TON,2017
461,32,JAWA BARAT,NILAM,PERKEBUNAN BESAR SWASTA,0,TON,2017
462,32,JAWA BARAT,NILAM,PERKEBUNAN NEGARA,0,TON,2017
463,32,JAWA BARAT,SEREHWANGI,PERKEBUNAN RAKYAT,503,TON,2017
464,32,JAWA BARAT,SEREHWANGI,PERKEBUNAN BESAR SWASTA,0,TON,2017
465,32,JAWA BARAT,SEREHWANGI,PERKEBUNAN NEGARA,0,TON,2017
466,32,JAWA BARAT,TEBU,PERKEBUNAN RAKYAT,27596,TON,2017
467,32,JAWA BARAT,TEBU,PERKEBUNAN BESAR SWASTA,0,TON,2017
468,32,JAWA BARAT,TEBU,PERKEBUNAN NEGARA,36240,TON,2017
469,32,JAWA BARAT,TEMBAKAU,PERKEBUNAN RAKYAT,8498,TON,2017
470,32,JAWA BARAT,TEMBAKAU,PERKEBUNAN BESAR SWASTA,0,TON,2017
471,32,JAWA BARAT,TEMBAKAU,PERKEBUNAN NEGARA,0,TON,2017
472,32,JAWA BARAT,AREN,PERKEBUNAN RAKYAT,61264,TON,2018
473,32,JAWA BARAT,AREN,PERKEBUNAN BESAR SWASTA,0,TON,2018
474,32,JAWA BARAT,AREN,PERKEBUNAN NEGARA,0,TON,2018
475,32,JAWA BARAT,CENGKEH,PERKEBUNAN RAKYAT,7605,TON,2018
476,32,JAWA BARAT,CENGKEH,PERKEBUNAN BESAR SWASTA,326,TON,2018
477,32,JAWA BARAT,CENGKEH,PERKEBUNAN NEGARA,0,TON,2018
478,32,JAWA BARAT,GUTTAPERCHA,PERKEBUNAN RAKYAT,0,TON,2018
479,32,JAWA BARAT,GUTTAPERCHA,PERKEBUNAN BESAR SWASTA,0,TON,2018
480,32,JAWA BARAT,GUTTAPERCHA,PERKEBUNAN NEGARA,0,TON,2018
481,32,JAWA BARAT,JAMBU METE,PERKEBUNAN RAKYAT,17,TON,2018
482,32,JAWA BARAT,JAMBU METE,PERKEBUNAN BESAR SWASTA,0,TON,2018
483,32,JAWA BARAT,JAMBU METE,PERKEBUNAN NEGARA,0,TON,2018
484,32,JAWA BARAT,JARAK,PERKEBUNAN RAKYAT,40,TON,2018
485,32,JAWA BARAT,JARAK,PERKEBUNAN BESAR SWASTA,0,TON,2018
486,32,JAWA BARAT,JARAK,PERKEBUNAN NEGARA,0,TON,2018
487,32,JAWA BARAT,KAKAO,PERKEBUNAN RAKYAT,931,TON,2018
488,32,JAWA BARAT,KAKAO,PERKEBUNAN BESAR SWASTA,1234,TON,2018
489,32,JAWA BARAT,KAKAO,PERKEBUNAN NEGARA,0,TON,2018
490,32,JAWA BARAT,KAPOK,PERKEBUNAN RAKYAT,401,TON,2018
491,32,JAWA BARAT,KAPOK,PERKEBUNAN BESAR SWASTA,0,TON,2018
492,32,JAWA BARAT,KAPOK,PERKEBUNAN NEGARA,0,TON,2018
493,32,JAWA BARAT,KARET,PERKEBUNAN RAKYAT,7672,TON,2018
494,32,JAWA BARAT,KARET,PERKEBUNAN BESAR SWASTA,13887,TON,2018
495,32,JAWA BARAT,KARET,PERKEBUNAN NEGARA,11414,TON,2018
496,32,JAWA BARAT,KAYU MANIS,PERKEBUNAN RAKYAT,10,TON,2018
497,32,JAWA BARAT,KAYU MANIS,PERKEBUNAN BESAR SWASTA,0,TON,2018
498,32,JAWA BARAT,KAYU MANIS,PERKEBUNAN NEGARA,0,TON,2018
499,32,JAWA BARAT,KELAPA DALAM,PERKEBUNAN RAKYAT,92716,TON,2018
500,32,JAWA BARAT,KELAPA DALAM,PERKEBUNAN BESAR SWASTA,83,TON,2018
501,32,JAWA BARAT,KELAPA DALAM,PERKEBUNAN NEGARA,0,TON,2018
502,32,JAWA BARAT,KELAPA DERES,PERKEBUNAN RAKYAT,152393,TON,2018
503,32,JAWA BARAT,KELAPA DERES,PERKEBUNAN BESAR SWASTA,0,TON,2018
504,32,JAWA BARAT,KELAPA DERES,PERKEBUNAN NEGARA,0,TON,2018
505,32,JAWA BARAT,KELAPA HIBRIDA,PERKEBUNAN RAKYAT,825,TON,2018
506,32,JAWA BARAT,KELAPA HIBRIDA,PERKEBUNAN BESAR SWASTA,420,TON,2018
507,32,JAWA BARAT,KELAPA HIBRIDA,PERKEBUNAN NEGARA,0,TON,2018
508,32,JAWA BARAT,KELAPA SAWIT,PERKEBUNAN RAKYAT,1792,TON,2018
509,32,JAWA BARAT,KELAPA SAWIT,PERKEBUNAN BESAR SWASTA,61971,TON,2018
510,32,JAWA BARAT,KELAPA SAWIT,PERKEBUNAN NEGARA,147189,TON,2018
511,32,JAWA BARAT,KEMIRI,PERKEBUNAN RAKYAT,259,TON,2018
512,32,JAWA BARAT,KEMIRI,PERKEBUNAN BESAR SWASTA,0,TON,2018
513,32,JAWA BARAT,KEMIRI,PERKEBUNAN NEGARA,0,TON,2018
514,32,JAWA BARAT,KEMIRI SUNAN,PERKEBUNAN RAKYAT,1,TON,2018
515,32,JAWA BARAT,KEMIRI SUNAN,PERKEBUNAN BESAR SWASTA,0,TON,2018
516,32,JAWA BARAT,KEMIRI SUNAN,PERKEBUNAN NEGARA,0,TON,2018
517,32,JAWA BARAT,KENANGA,PERKEBUNAN RAKYAT,10,TON,2018
518,32,JAWA BARAT,KENANGA,PERKEBUNAN BESAR SWASTA,0,TON,2018
519,32,JAWA BARAT,KENANGA,PERKEBUNAN NEGARA,0,TON,2018
520,32,JAWA BARAT,KINA,PERKEBUNAN RAKYAT,10,TON,2018
521,32,JAWA BARAT,KINA,PERKEBUNAN BESAR SWASTA,131,TON,2018
522,32,JAWA BARAT,KINA,PERKEBUNAN NEGARA,0,TON,2018
523,32,JAWA BARAT,KOPI ARABIKA,PERKEBUNAN RAKYAT,10812,TON,2018
524,32,JAWA BARAT,KOPI ARABIKA,PERKEBUNAN BESAR SWASTA,46,TON,2018
525,32,JAWA BARAT,KOPI ARABIKA,PERKEBUNAN NEGARA,29,TON,2018
526,32,JAWA BARAT,KOPI ROBUSTA,PERKEBUNAN RAKYAT,9973,TON,2018
527,32,JAWA BARAT,KOPI ROBUSTA,PERKEBUNAN BESAR SWASTA,2,TON,2018
528,32,JAWA BARAT,KOPI ROBUSTA,PERKEBUNAN NEGARA,0,TON,2018
529,32,JAWA BARAT,KUMIS KUCING,PERKEBUNAN RAKYAT,56,TON,2018
530,32,JAWA BARAT,KUMIS KUCING,PERKEBUNAN BESAR SWASTA,0,TON,2018
531,32,JAWA BARAT,KUMIS KUCING,PERKEBUNAN NEGARA,0,TON,2018
532,32,JAWA BARAT,LADA,PERKEBUNAN RAKYAT,864,TON,2018
533,32,JAWA BARAT,LADA,PERKEBUNAN BESAR SWASTA,0,TON,2018
534,32,JAWA BARAT,LADA,PERKEBUNAN NEGARA,0,TON,2018
535,32,JAWA BARAT,PALA,PERKEBUNAN RAKYAT,1154,TON,2018
536,32,JAWA BARAT,PALA,PERKEBUNAN BESAR SWASTA,1,TON,2018
537,32,JAWA BARAT,PALA,PERKEBUNAN NEGARA,0,TON,2018
538,32,JAWA BARAT,PANDAN,PERKEBUNAN RAKYAT,188,TON,2018
539,32,JAWA BARAT,PANDAN,PERKEBUNAN BESAR SWASTA,0,TON,2018
540,32,JAWA BARAT,PANDAN,PERKEBUNAN NEGARA,0,TON,2018
541,32,JAWA BARAT,PANILI,PERKEBUNAN RAKYAT,133,TON,2018
542,32,JAWA BARAT,PANILI,PERKEBUNAN BESAR SWASTA,0,TON,2018
543,32,JAWA BARAT,PANILI,PERKEBUNAN NEGARA,0,TON,2018
544,32,JAWA BARAT,PINANG,PERKEBUNAN RAKYAT,136,TON,2018
545,32,JAWA BARAT,PINANG,PERKEBUNAN BESAR SWASTA,10,TON,2018
546,32,JAWA BARAT,PINANG,PERKEBUNAN NEGARA,0,TON,2018
547,32,JAWA BARAT,T E H,PERKEBUNAN RAKYAT,42448,TON,2018
548,32,JAWA BARAT,T E H,PERKEBUNAN BESAR SWASTA,26087,TON,2018
549,32,JAWA BARAT,T E H,PERKEBUNAN NEGARA,24427,TON,2018
550,32,JAWA BARAT,AKARWANGI,PERKEBUNAN RAKYAT,48,TON,2018
551,32,JAWA BARAT,AKARWANGI,PERKEBUNAN BESAR SWASTA,0,TON,2018
552,32,JAWA BARAT,AKARWANGI,PERKEBUNAN NEGARA,0,TON,2018
553,32,JAWA BARAT,MENDONG,PERKEBUNAN RAKYAT,1437,TON,2018
554,32,JAWA BARAT,MENDONG,PERKEBUNAN BESAR SWASTA,0,TON,2018
555,32,JAWA BARAT,MENDONG,PERKEBUNAN NEGARA,0,TON,2018
556,32,JAWA BARAT,NILAM,PERKEBUNAN RAKYAT,163,TON,2018
557,32,JAWA BARAT,NILAM,PERKEBUNAN BESAR SWASTA,0,TON,2018
558,32,JAWA BARAT,NILAM,PERKEBUNAN NEGARA,0,TON,2018
559,32,JAWA BARAT,SEREHWANGI,PERKEBUNAN RAKYAT,609,TON,2018
560,32,JAWA BARAT,SEREHWANGI,PERKEBUNAN BESAR SWASTA,4,TON,2018
561,32,JAWA BARAT,SEREHWANGI,PERKEBUNAN NEGARA,0,TON,2018
562,32,JAWA BARAT,TEBU,PERKEBUNAN RAKYAT,25270,TON,2018
563,32,JAWA BARAT,TEBU,PERKEBUNAN BESAR SWASTA,0,TON,2018
564,32,JAWA BARAT,TEBU,PERKEBUNAN NEGARA,18394,TON,2018
565,32,JAWA BARAT,TEBU (GULA CAKO),PERKEBUNAN RAKYAT,505,TON,2018
566,32,JAWA BARAT,TEBU (GULA CAKO),PERKEBUNAN BESAR SWASTA,0,TON,2018
567,32,JAWA BARAT,TEBU (GULA CAKO),PERKEBUNAN NEGARA,0,TON,2018
568,32,JAWA BARAT,TEMBAKAU,PERKEBUNAN RAKYAT,8227,TON,2018
569,32,JAWA BARAT,TEMBAKAU,PERKEBUNAN BESAR SWASTA,0,TON,2018
570,32,JAWA BARAT,TEMBAKAU,PERKEBUNAN NEGARA,0,TON,2018
571,32,JAWA BARAT,AREN,PERKEBUNAN RAKYAT,63497,TON,2019
572,32,JAWA BARAT,AREN,PERKEBUNAN BESAR SWASTA,0,TON,2019
573,32,JAWA BARAT,AREN,PERKEBUNAN NEGARA,0,TON,2019
574,32,JAWA BARAT,CENGKEH,PERKEBUNAN RAKYAT,8277,TON,2019
575,32,JAWA BARAT,CENGKEH,PERKEBUNAN BESAR SWASTA,126,TON,2019
576,32,JAWA BARAT,CENGKEH,PERKEBUNAN NEGARA,0,TON,2019
577,32,JAWA BARAT,GUTTAPERCHA,PERKEBUNAN RAKYAT,0,TON,2019
578,32,JAWA BARAT,GUTTAPERCHA,PERKEBUNAN BESAR SWASTA,0,TON,2019
579,32,JAWA BARAT,GUTTAPERCHA,PERKEBUNAN NEGARA,0,TON,2019
580,32,JAWA BARAT,JAMBU METE,PERKEBUNAN RAKYAT,16,TON,2019
581,32,JAWA BARAT,JAMBU METE,PERKEBUNAN BESAR SWASTA,0,TON,2019
582,32,JAWA BARAT,JAMBU METE,PERKEBUNAN NEGARA,0,TON,2019
583,32,JAWA BARAT,JARAK,PERKEBUNAN RAKYAT,30,TON,2019
584,32,JAWA BARAT,JARAK,PERKEBUNAN BESAR SWASTA,0,TON,2019
585,32,JAWA BARAT,JARAK,PERKEBUNAN NEGARA,0,TON,2019
586,32,JAWA BARAT,KAKAO,PERKEBUNAN RAKYAT,799,TON,2019
587,32,JAWA BARAT,KAKAO,PERKEBUNAN BESAR SWASTA,1158,TON,2019
588,32,JAWA BARAT,KAKAO,PERKEBUNAN NEGARA,0,TON,2019
589,32,JAWA BARAT,KAPOK,PERKEBUNAN RAKYAT,311,TON,2019
590,32,JAWA BARAT,KAPOK,PERKEBUNAN BESAR SWASTA,0,TON,2019
591,32,JAWA BARAT,KAPOK,PERKEBUNAN NEGARA,0,TON,2019
592,32,JAWA BARAT,KARET,PERKEBUNAN RAKYAT,7484,TON,2019
593,32,JAWA BARAT,KARET,PERKEBUNAN BESAR SWASTA,10640,TON,2019
594,32,JAWA BARAT,KARET,PERKEBUNAN NEGARA,13141,TON,2019
595,32,JAWA BARAT,KAYU MANIS,PERKEBUNAN RAKYAT,8,TON,2019
596,32,JAWA BARAT,KAYU MANIS,PERKEBUNAN BESAR SWASTA,0,TON,2019
597,32,JAWA BARAT,KAYU MANIS,PERKEBUNAN NEGARA,0,TON,2019
598,32,JAWA BARAT,KELAPA DALAM,PERKEBUNAN RAKYAT,87119,TON,2019
599,32,JAWA BARAT,KELAPA DALAM,PERKEBUNAN BESAR SWASTA,17,TON,2019
600,32,JAWA BARAT,KELAPA DALAM,PERKEBUNAN NEGARA,0,TON,2019
601,32,JAWA BARAT,KELAPA DERES,PERKEBUNAN RAKYAT,152969,TON,2019
602,32,JAWA BARAT,KELAPA DERES,PERKEBUNAN BESAR SWASTA,0,TON,2019
603,32,JAWA BARAT,KELAPA DERES,PERKEBUNAN NEGARA,0,TON,2019
604,32,JAWA BARAT,KELAPA HIBRIDA,PERKEBUNAN RAKYAT,790,TON,2019
605,32,JAWA BARAT,KELAPA HIBRIDA,PERKEBUNAN BESAR SWASTA,0.17,TON,2019
606,32,JAWA BARAT,KELAPA HIBRIDA,PERKEBUNAN NEGARA,0,TON,2019
607,32,JAWA BARAT,KELAPA SAWIT,PERKEBUNAN RAKYAT,1813,TON,2019
608,32,JAWA BARAT,KELAPA SAWIT,PERKEBUNAN BESAR SWASTA,48033,TON,2019
609,32,JAWA BARAT,KELAPA SAWIT,PERKEBUNAN NEGARA,147189,TON,2019
610,32,JAWA BARAT,KEMIRI,PERKEBUNAN RAKYAT,226,TON,2019
611,32,JAWA BARAT,KEMIRI,PERKEBUNAN BESAR SWASTA,0,TON,2019
612,32,JAWA BARAT,KEMIRI,PERKEBUNAN NEGARA,0,TON,2019
613,32,JAWA BARAT,KEMIRI SUNAN,PERKEBUNAN RAKYAT,1,TON,2019
614,32,JAWA BARAT,KEMIRI SUNAN,PERKEBUNAN BESAR SWASTA,0,TON,2019
615,32,JAWA BARAT,KEMIRI SUNAN,PERKEBUNAN NEGARA,0,TON,2019
616,32,JAWA BARAT,KENANGA,PERKEBUNAN RAKYAT,10,TON,2019
617,32,JAWA BARAT,KENANGA,PERKEBUNAN BESAR SWASTA,0,TON,2019
618,32,JAWA BARAT,KENANGA,PERKEBUNAN NEGARA,0,TON,2019
619,32,JAWA BARAT,KINA,PERKEBUNAN RAKYAT,10,TON,2019
620,32,JAWA BARAT,KINA,PERKEBUNAN BESAR SWASTA,131,TON,2019
621,32,JAWA BARAT,KINA,PERKEBUNAN NEGARA,0,TON,2019
622,32,JAWA BARAT,KOPI ARABIKA,PERKEBUNAN RAKYAT,11220,TON,2019
623,32,JAWA BARAT,KOPI ARABIKA,PERKEBUNAN BESAR SWASTA,4,TON,2019
624,32,JAWA BARAT,KOPI ARABIKA,PERKEBUNAN NEGARA,29,TON,2019
625,32,JAWA BARAT,KOPI ROBUSTA,PERKEBUNAN RAKYAT,9614,TON,2019
626,32,JAWA BARAT,KOPI ROBUSTA,PERKEBUNAN BESAR SWASTA,2,TON,2019
627,32,JAWA BARAT,KOPI ROBUSTA,PERKEBUNAN NEGARA,0,TON,2019
628,32,JAWA BARAT,KUMIS KUCING,PERKEBUNAN RAKYAT,54,TON,2019
629,32,JAWA BARAT,KUMIS KUCING,PERKEBUNAN BESAR SWASTA,0,TON,2019
630,32,JAWA BARAT,KUMIS KUCING,PERKEBUNAN NEGARA,0,TON,2019
631,32,JAWA BARAT,LADA,PERKEBUNAN RAKYAT,843,TON,2019
632,32,JAWA BARAT,LADA,PERKEBUNAN BESAR SWASTA,0,TON,2019
633,32,JAWA BARAT,LADA,PERKEBUNAN NEGARA,0,TON,2019
634,32,JAWA BARAT,PALA,PERKEBUNAN RAKYAT,1171,TON,2019
635,32,JAWA BARAT,PALA,PERKEBUNAN BESAR SWASTA,1,TON,2019
636,32,JAWA BARAT,PALA,PERKEBUNAN NEGARA,0,TON,2019
637,32,JAWA BARAT,PANDAN,PERKEBUNAN RAKYAT,188,TON,2019
638,32,JAWA BARAT,PANDAN,PERKEBUNAN BESAR SWASTA,0,TON,2019
639,32,JAWA BARAT,PANDAN,PERKEBUNAN NEGARA,0,TON,2019
640,32,JAWA BARAT,PANILI,PERKEBUNAN RAKYAT,151,TON,2019
641,32,JAWA BARAT,PANILI,PERKEBUNAN BESAR SWASTA,0,TON,2019
642,32,JAWA BARAT,PANILI,PERKEBUNAN NEGARA,0,TON,2019
643,32,JAWA BARAT,PINANG,PERKEBUNAN RAKYAT,103,TON,2019
644,32,JAWA BARAT,PINANG,PERKEBUNAN BESAR SWASTA,10,TON,2019
645,32,JAWA BARAT,PINANG,PERKEBUNAN NEGARA,0,TON,2019
646,32,JAWA BARAT,T E H,PERKEBUNAN RAKYAT,42306,TON,2019
647,32,JAWA BARAT,T E H,PERKEBUNAN BESAR SWASTA,29072,TON,2019
648,32,JAWA BARAT,T E H,PERKEBUNAN NEGARA,26377,TON,2019
649,32,JAWA BARAT,AKARWANGI,PERKEBUNAN RAKYAT,15,TON,2019
650,32,JAWA BARAT,AKARWANGI,PERKEBUNAN BESAR SWASTA,0,TON,2019
651,32,JAWA BARAT,AKARWANGI,PERKEBUNAN NEGARA,0,TON,2019
652,32,JAWA BARAT,MENDONG,PERKEBUNAN RAKYAT,1138,TON,2019
653,32,JAWA BARAT,MENDONG,PERKEBUNAN BESAR SWASTA,0,TON,2019
654,32,JAWA BARAT,MENDONG,PERKEBUNAN NEGARA,0,TON,2019
655,32,JAWA BARAT,NILAM,PERKEBUNAN RAKYAT,140,TON,2019
656,32,JAWA BARAT,NILAM,PERKEBUNAN BESAR SWASTA,0,TON,2019
657,32,JAWA BARAT,NILAM,PERKEBUNAN NEGARA,0,TON,2019
658,32,JAWA BARAT,SEREHWANGI,PERKEBUNAN RAKYAT,635,TON,2019
659,32,JAWA BARAT,SEREHWANGI,PERKEBUNAN BESAR SWASTA,48,TON,2019
660,32,JAWA BARAT,SEREHWANGI,PERKEBUNAN NEGARA,0,TON,2019
661,32,JAWA BARAT,TEBU,PERKEBUNAN RAKYAT,21080,TON,2019
662,32,JAWA BARAT,TEBU,PERKEBUNAN BESAR SWASTA,0,TON,2019
663,32,JAWA BARAT,TEBU,PERKEBUNAN NEGARA,9520,TON,2019
664,32,JAWA BARAT,TEBU (GULA CAKO),PERKEBUNAN RAKYAT,0,TON,2019
665,32,JAWA BARAT,TEBU (GULA CAKO),PERKEBUNAN BESAR SWASTA,0,TON,2019
666,32,JAWA BARAT,TEBU (GULA CAKO),PERKEBUNAN NEGARA,0,TON,2019
667,32,JAWA BARAT,TEMBAKAU,PERKEBUNAN RAKYAT,8159,TON,2019
668,32,JAWA BARAT,TEMBAKAU,PERKEBUNAN BESAR SWASTA,0,TON,2019
669,32,JAWA BARAT,TEMBAKAU,PERKEBUNAN NEGARA,0,TON,2019
670,32,JAWA BARAT,AREN,PERKEBUNAN RAKYAT,62940,TON,2020
671,32,JAWA BARAT,AREN,PERKEBUNAN BESAR SWASTA,0,TON,2020
672,32,JAWA BARAT,AREN,PERKEBUNAN NEGARA,0,TON,2020
673,32,JAWA BARAT,CENGKEH,PERKEBUNAN RAKYAT,8786,TON,2020
674,32,JAWA BARAT,CENGKEH,PERKEBUNAN BESAR SWASTA,95,TON,2020
675,32,JAWA BARAT,CENGKEH,PERKEBUNAN NEGARA,0,TON,2020
676,32,JAWA BARAT,GUTTAPERCHA,PERKEBUNAN RAKYAT,0,TON,2020
677,32,JAWA BARAT,GUTTAPERCHA,PERKEBUNAN BESAR SWASTA,0,TON,2020
678,32,JAWA BARAT,GUTTAPERCHA,PERKEBUNAN NEGARA,0,TON,2020
679,32,JAWA BARAT,JAMBU METE,PERKEBUNAN RAKYAT,18,TON,2020
680,32,JAWA BARAT,JAMBU METE,PERKEBUNAN BESAR SWASTA,0,TON,2020
681,32,JAWA BARAT,JAMBU METE,PERKEBUNAN NEGARA,0,TON,2020
682,32,JAWA BARAT,JARAK,PERKEBUNAN RAKYAT,28,TON,2020
683,32,JAWA BARAT,JARAK,PERKEBUNAN BESAR SWASTA,0,TON,2020
684,32,JAWA BARAT,JARAK,PERKEBUNAN NEGARA,0,TON,2020
685,32,JAWA BARAT,KAKAO,PERKEBUNAN RAKYAT,749,TON,2020
686,32,JAWA BARAT,KAKAO,PERKEBUNAN BESAR SWASTA,431,TON,2020
687,32,JAWA BARAT,KAKAO,PERKEBUNAN NEGARA,0,TON,2020
688,32,JAWA BARAT,KAPOK,PERKEBUNAN RAKYAT,300,TON,2020
689,32,JAWA BARAT,KAPOK,PERKEBUNAN BESAR SWASTA,0,TON,2020
690,32,JAWA BARAT,KAPOK,PERKEBUNAN NEGARA,0,TON,2020
691,32,JAWA BARAT,KARET,PERKEBUNAN RAKYAT,7593,TON,2020
692,32,JAWA BARAT,KARET,PERKEBUNAN BESAR SWASTA,7694,TON,2020
693,32,JAWA BARAT,KARET,PERKEBUNAN NEGARA,11564,TON,2020
694,32,JAWA BARAT,KAYU MANIS,PERKEBUNAN RAKYAT,8,TON,2020
695,32,JAWA BARAT,KAYU MANIS,PERKEBUNAN BESAR SWASTA,0,TON,2020
696,32,JAWA BARAT,KAYU MANIS,PERKEBUNAN NEGARA,0,TON,2020
697,32,JAWA BARAT,KELAPA DALAM,PERKEBUNAN RAKYAT,86284,TON,2020
698,32,JAWA BARAT,KELAPA DALAM,PERKEBUNAN BESAR SWASTA,0,TON,2020
699,32,JAWA BARAT,KELAPA DALAM,PERKEBUNAN NEGARA,0,TON,2020
700,32,JAWA BARAT,KELAPA DERES,PERKEBUNAN RAKYAT,153213,TON,2020
701,32,JAWA BARAT,KELAPA DERES,PERKEBUNAN BESAR SWASTA,0,TON,2020
702,32,JAWA BARAT,KELAPA DERES,PERKEBUNAN NEGARA,0,TON,2020
703,32,JAWA BARAT,KELAPA HIBRIDA,PERKEBUNAN RAKYAT,766,TON,2020
704,32,JAWA BARAT,KELAPA HIBRIDA,PERKEBUNAN BESAR SWASTA,644,TON,2020
705,32,JAWA BARAT,KELAPA HIBRIDA,PERKEBUNAN NEGARA,0,TON,2020
706,32,JAWA BARAT,KELAPA SAWIT,PERKEBUNAN RAKYAT,1811,TON,2020
707,32,JAWA BARAT,KELAPA SAWIT,PERKEBUNAN BESAR SWASTA,5666,TON,2020
708,32,JAWA BARAT,KELAPA SAWIT,PERKEBUNAN NEGARA,126496,TON,2020
709,32,JAWA BARAT,KEMIRI,PERKEBUNAN RAKYAT,218,TON,2020
710,32,JAWA BARAT,KEMIRI,PERKEBUNAN BESAR SWASTA,0,TON,2020
711,32,JAWA BARAT,KEMIRI,PERKEBUNAN NEGARA,0,TON,2020
712,32,JAWA BARAT,KEMIRI SUNAN,PERKEBUNAN RAKYAT,3,TON,2020
713,32,JAWA BARAT,KEMIRI SUNAN,PERKEBUNAN BESAR SWASTA,0,TON,2020
714,32,JAWA BARAT,KEMIRI SUNAN,PERKEBUNAN NEGARA,0,TON,2020
715,32,JAWA BARAT,KENANGA,PERKEBUNAN RAKYAT,0,TON,2020
716,32,JAWA BARAT,KENANGA,PERKEBUNAN BESAR SWASTA,0,TON,2020
717,32,JAWA BARAT,KENANGA,PERKEBUNAN NEGARA,0,TON,2020
718,32,JAWA BARAT,KINA,PERKEBUNAN RAKYAT,16,TON,2020
719,32,JAWA BARAT,KINA,PERKEBUNAN BESAR SWASTA,11,TON,2020
720,32,JAWA BARAT,KINA,PERKEBUNAN NEGARA,0,TON,2020
721,32,JAWA BARAT,KOPI ARABIKA,PERKEBUNAN RAKYAT,12804,TON,2020
722,32,JAWA BARAT,KOPI ARABIKA,PERKEBUNAN BESAR SWASTA,5,TON,2020
723,32,JAWA BARAT,KOPI ARABIKA,PERKEBUNAN NEGARA,0,TON,2020
724,32,JAWA BARAT,KOPI ROBUSTA,PERKEBUNAN RAKYAT,10116,TON,2020
725,32,JAWA BARAT,KOPI ROBUSTA,PERKEBUNAN BESAR SWASTA,1,TON,2020
726,32,JAWA BARAT,KOPI ROBUSTA,PERKEBUNAN NEGARA,0,TON,2020
727,32,JAWA BARAT,KUMIS KUCING,PERKEBUNAN RAKYAT,52,TON,2020
728,32,JAWA BARAT,KUMIS KUCING,PERKEBUNAN BESAR SWASTA,0,TON,2020
729,32,JAWA BARAT,KUMIS KUCING,PERKEBUNAN NEGARA,0,TON,2020
730,32,JAWA BARAT,LADA,PERKEBUNAN RAKYAT,842,TON,2020
731,32,JAWA BARAT,LADA,PERKEBUNAN BESAR SWASTA,0,TON,2020
732,32,JAWA BARAT,LADA,PERKEBUNAN NEGARA,0,TON,2020
733,32,JAWA BARAT,PALA,PERKEBUNAN RAKYAT,1217,TON,2020
734,32,JAWA BARAT,PALA,PERKEBUNAN BESAR SWASTA,0,TON,2020
735,32,JAWA BARAT,PALA,PERKEBUNAN NEGARA,0,TON,2020
736,32,JAWA BARAT,PANDAN,PERKEBUNAN RAKYAT,180,TON,2020
737,32,JAWA BARAT,PANDAN,PERKEBUNAN BESAR SWASTA,0,TON,2020
738,32,JAWA BARAT,PANDAN,PERKEBUNAN NEGARA,0,TON,2020
739,32,JAWA BARAT,PANILI,PERKEBUNAN RAKYAT,151,TON,2020
740,32,JAWA BARAT,PANILI,PERKEBUNAN BESAR SWASTA,0,TON,2020
741,32,JAWA BARAT,PANILI,PERKEBUNAN NEGARA,0,TON,2020
742,32,JAWA BARAT,PINANG,PERKEBUNAN RAKYAT,102,TON,2020
743,32,JAWA BARAT,PINANG,PERKEBUNAN BESAR SWASTA,14,TON,2020
744,32,JAWA BARAT,PINANG,PERKEBUNAN NEGARA,0,TON,2020
745,32,JAWA BARAT,T E H,PERKEBUNAN RAKYAT,42194,TON,2020
746,32,JAWA BARAT,T E H,PERKEBUNAN BESAR SWASTA,26080,TON,2020
747,32,JAWA BARAT,T E H,PERKEBUNAN NEGARA,31671,TON,2020
748,32,JAWA BARAT,AKARWANGI,PERKEBUNAN RAKYAT,26,TON,2020
749,32,JAWA BARAT,AKARWANGI,PERKEBUNAN BESAR SWASTA,0,TON,2020
750,32,JAWA BARAT,AKARWANGI,PERKEBUNAN NEGARA,0,TON,2020
751,32,JAWA BARAT,MENDONG,PERKEBUNAN RAKYAT,1085,TON,2020
752,32,JAWA BARAT,MENDONG,PERKEBUNAN BESAR SWASTA,0,TON,2020
753,32,JAWA BARAT,MENDONG,PERKEBUNAN NEGARA,0,TON,2020
754,32,JAWA BARAT,NILAM,PERKEBUNAN RAKYAT,140,TON,2020
755,32,JAWA BARAT,NILAM,PERKEBUNAN BESAR SWASTA,0,TON,2020
756,32,JAWA BARAT,NILAM,PERKEBUNAN NEGARA,0,TON,2020
757,32,JAWA BARAT,SEREHWANGI,PERKEBUNAN RAKYAT,971,TON,2020
758,32,JAWA BARAT,SEREHWANGI,PERKEBUNAN BESAR SWASTA,1,TON,2020
759,32,JAWA BARAT,SEREHWANGI,PERKEBUNAN NEGARA,0,TON,2020
760,32,JAWA BARAT,TEBU,PERKEBUNAN RAKYAT,38217,TON,2020
761,32,JAWA BARAT,TEBU,PERKEBUNAN BESAR SWASTA,0,TON,2020
762,32,JAWA BARAT,TEBU,PERKEBUNAN NEGARA,0,TON,2020
763,32,JAWA BARAT,TEBU (GULA CAKO),PERKEBUNAN RAKYAT,0,TON,2020
764,32,JAWA BARAT,TEBU (GULA CAKO),PERKEBUNAN BESAR SWASTA,0,TON,2020
765,32,JAWA BARAT,TEBU (GULA CAKO),PERKEBUNAN NEGARA,0,TON,2020
766,32,JAWA BARAT,TEMBAKAU,PERKEBUNAN RAKYAT,8035,TON,2020
767,32,JAWA BARAT,TEMBAKAU,PERKEBUNAN BESAR SWASTA,0,TON,2020
768,32,JAWA BARAT,TEMBAKAU,PERKEBUNAN NEGARA,0,TON,2020
769,32,JAWA BARAT,AREN,PERKEBUNAN RAKYAT,67137,TON,2021
770,32,JAWA BARAT,AREN,PERKEBUNAN BESAR SWASTA,0,TON,2021
771,32,JAWA BARAT,AREN,PERKEBUNAN NEGARA,0,TON,2021
772,32,JAWA BARAT,CENGKEH,PERKEBUNAN RAKYAT,8699,TON,2021
773,32,JAWA BARAT,CENGKEH,PERKEBUNAN BESAR SWASTA,95,TON,2021
774,32,JAWA BARAT,CENGKEH,PERKEBUNAN NEGARA,0,TON,2021
775,32,JAWA BARAT,GUTTAPERCHA,PERKEBUNAN RAKYAT,0,TON,2021
776,32,JAWA BARAT,GUTTAPERCHA,PERKEBUNAN BESAR SWASTA,0,TON,2021
777,32,JAWA BARAT,GUTTAPERCHA,PERKEBUNAN NEGARA,275,TON,2021
778,32,JAWA BARAT,JAMBU METE,PERKEBUNAN RAKYAT,16,TON,2021
779,32,JAWA BARAT,JAMBU METE,PERKEBUNAN BESAR SWASTA,0,TON,2021
780,32,JAWA BARAT,JAMBU METE,PERKEBUNAN NEGARA,0,TON,2021
781,32,JAWA BARAT,JARAK,PERKEBUNAN RAKYAT,25,TON,2021
782,32,JAWA BARAT,JARAK,PERKEBUNAN BESAR SWASTA,0,TON,2021
783,32,JAWA BARAT,JARAK,PERKEBUNAN NEGARA,0,TON,2021
784,32,JAWA BARAT,KAKAO,PERKEBUNAN RAKYAT,714,TON,2021
785,32,JAWA BARAT,KAKAO,PERKEBUNAN BESAR SWASTA,872,TON,2021
786,32,JAWA BARAT,KAKAO,PERKEBUNAN NEGARA,0,TON,2021
787,32,JAWA BARAT,KAPOK,PERKEBUNAN RAKYAT,237,TON,2021
788,32,JAWA BARAT,KAPOK,PERKEBUNAN BESAR SWASTA,0,TON,2021
789,32,JAWA BARAT,KAPOK,PERKEBUNAN NEGARA,0,TON,2021
790,32,JAWA BARAT,KARET,PERKEBUNAN RAKYAT,7942,TON,2021
791,32,JAWA BARAT,KARET,PERKEBUNAN BESAR SWASTA,8261,TON,2021
792,32,JAWA BARAT,KARET,PERKEBUNAN NEGARA,11418,TON,2021
793,32,JAWA BARAT,KAYU MANIS,PERKEBUNAN RAKYAT,5,TON,2021
794,32,JAWA BARAT,KAYU MANIS,PERKEBUNAN BESAR SWASTA,0,TON,2021
795,32,JAWA BARAT,KAYU MANIS,PERKEBUNAN NEGARA,0,TON,2021
796,32,JAWA BARAT,KELAPA DALAM,PERKEBUNAN RAKYAT,87311,TON,2021
797,32,JAWA BARAT,KELAPA DALAM,PERKEBUNAN BESAR SWASTA,0,TON,2021
798,32,JAWA BARAT,KELAPA DALAM,PERKEBUNAN NEGARA,0,TON,2021
799,32,JAWA BARAT,KELAPA DERES,PERKEBUNAN RAKYAT,154511,TON,2021
800,32,JAWA BARAT,KELAPA DERES,PERKEBUNAN BESAR SWASTA,0,TON,2021
801,32,JAWA BARAT,KELAPA DERES,PERKEBUNAN NEGARA,0,TON,2021
802,32,JAWA BARAT,KELAPA HIBRIDA,PERKEBUNAN RAKYAT,748,TON,2021
803,32,JAWA BARAT,KELAPA HIBRIDA,PERKEBUNAN BESAR SWASTA,644,TON,2021
804,32,JAWA BARAT,KELAPA HIBRIDA,PERKEBUNAN NEGARA,0,TON,2021
805,32,JAWA BARAT,KELAPA SAWIT,PERKEBUNAN RAKYAT,1859,TON,2021
806,32,JAWA BARAT,KELAPA SAWIT,PERKEBUNAN BESAR SWASTA,5666,TON,2021
807,32,JAWA BARAT,KELAPA SAWIT,PERKEBUNAN NEGARA,134565,TON,2021
808,32,JAWA BARAT,KEMIRI,PERKEBUNAN RAKYAT,206,TON,2021
809,32,JAWA BARAT,KEMIRI,PERKEBUNAN BESAR SWASTA,0,TON,2021
810,32,JAWA BARAT,KEMIRI,PERKEBUNAN NEGARA,0,TON,2021
811,32,JAWA BARAT,KEMIRI SUNAN,PERKEBUNAN RAKYAT,3,TON,2021
812,32,JAWA BARAT,KEMIRI SUNAN,PERKEBUNAN BESAR SWASTA,0,TON,2021
813,32,JAWA BARAT,KEMIRI SUNAN,PERKEBUNAN NEGARA,0,TON,2021
814,32,JAWA BARAT,KENANGA,PERKEBUNAN RAKYAT,0,TON,2021
815,32,JAWA BARAT,KENANGA,PERKEBUNAN BESAR SWASTA,0,TON,2021
816,32,JAWA BARAT,KENANGA,PERKEBUNAN NEGARA,0,TON,2021
817,32,JAWA BARAT,KINA,PERKEBUNAN RAKYAT,22,TON,2021
818,32,JAWA BARAT,KINA,PERKEBUNAN BESAR SWASTA,60,TON,2021
819,32,JAWA BARAT,KINA,PERKEBUNAN NEGARA,0,TON,2021
820,32,JAWA BARAT,KOPI ARABIKA,PERKEBUNAN RAKYAT,14237,TON,2021
821,32,JAWA BARAT,KOPI ARABIKA,PERKEBUNAN BESAR SWASTA,0,TON,2021
822,32,JAWA BARAT,KOPI ARABIKA,PERKEBUNAN NEGARA,0,TON,2021
823,32,JAWA BARAT,KOPI ROBUSTA,PERKEBUNAN RAKYAT,10091,TON,2021
824,32,JAWA BARAT,KOPI ROBUSTA,PERKEBUNAN BESAR SWASTA,51,TON,2021
825,32,JAWA BARAT,KOPI ROBUSTA,PERKEBUNAN NEGARA,0,TON,2021
826,32,JAWA BARAT,KUMIS KUCING,PERKEBUNAN RAKYAT,51,TON,2021
827,32,JAWA BARAT,KUMIS KUCING,PERKEBUNAN BESAR SWASTA,0,TON,2021
828,32,JAWA BARAT,KUMIS KUCING,PERKEBUNAN NEGARA,0,TON,2021
829,32,JAWA BARAT,LADA,PERKEBUNAN RAKYAT,765,TON,2021
830,32,JAWA BARAT,LADA,PERKEBUNAN BESAR SWASTA,0,TON,2021
831,32,JAWA BARAT,LADA,PERKEBUNAN NEGARA,0,TON,2021
832,32,JAWA BARAT,PALA,PERKEBUNAN RAKYAT,1318,TON,2021
833,32,JAWA BARAT,PALA,PERKEBUNAN BESAR SWASTA,0,TON,2021
834,32,JAWA BARAT,PALA,PERKEBUNAN NEGARA,0,TON,2021
835,32,JAWA BARAT,PANDAN,PERKEBUNAN RAKYAT,183,TON,2021
836,32,JAWA BARAT,PANDAN,PERKEBUNAN BESAR SWASTA,0,TON,2021
837,32,JAWA BARAT,PANDAN,PERKEBUNAN NEGARA,0,TON,2021
838,32,JAWA BARAT,PANILI,PERKEBUNAN RAKYAT,146,TON,2021
839,32,JAWA BARAT,PANILI,PERKEBUNAN BESAR SWASTA,0,TON,2021
840,32,JAWA BARAT,PANILI,PERKEBUNAN NEGARA,0,TON,2021
841,32,JAWA BARAT,PINANG,PERKEBUNAN RAKYAT,102,TON,2021
842,32,JAWA BARAT,PINANG,PERKEBUNAN BESAR SWASTA,14,TON,2021
843,32,JAWA BARAT,PINANG,PERKEBUNAN NEGARA,0,TON,2021
844,32,JAWA BARAT,T E H,PERKEBUNAN RAKYAT,43029,TON,2021
845,32,JAWA BARAT,T E H,PERKEBUNAN BESAR SWASTA,26429,TON,2021
846,32,JAWA BARAT,T E H,PERKEBUNAN NEGARA,30831,TON,2021
847,32,JAWA BARAT,AKARWANGI,PERKEBUNAN RAKYAT,8,TON,2021
848,32,JAWA BARAT,AKARWANGI,PERKEBUNAN BESAR SWASTA,0,TON,2021
849,32,JAWA BARAT,AKARWANGI,PERKEBUNAN NEGARA,0,TON,2021
850,32,JAWA BARAT,MENDONG,PERKEBUNAN RAKYAT,7,TON,2021
851,32,JAWA BARAT,MENDONG,PERKEBUNAN BESAR SWASTA,0,TON,2021
852,32,JAWA BARAT,MENDONG,PERKEBUNAN NEGARA,0,TON,2021
853,32,JAWA BARAT,NILAM,PERKEBUNAN RAKYAT,36,TON,2021
854,32,JAWA BARAT,NILAM,PERKEBUNAN BESAR SWASTA,0,TON,2021
855,32,JAWA BARAT,NILAM,PERKEBUNAN NEGARA,0,TON,2021
856,32,JAWA BARAT,SEREHWANGI,PERKEBUNAN RAKYAT,738,TON,2021
857,32,JAWA BARAT,SEREHWANGI,PERKEBUNAN BESAR SWASTA,0,TON,2021
858,32,JAWA BARAT,SEREHWANGI,PERKEBUNAN NEGARA,0,TON,2021
859,32,JAWA BARAT,TEBU,PERKEBUNAN RAKYAT,47052,TON,2021
860,32,JAWA BARAT,TEBU,PERKEBUNAN BESAR SWASTA,0,TON,2021
861,32,JAWA BARAT,TEBU,PERKEBUNAN NEGARA,0,TON,2021
862,32,JAWA BARAT,TEBU (GULA CAKO),PERKEBUNAN RAKYAT,0,TON,2021
863,32,JAWA BARAT,TEBU (GULA CAKO),PERKEBUNAN BESAR SWASTA,0,TON,2021
864,32,JAWA BARAT,TEBU (GULA CAKO),PERKEBUNAN NEGARA,0,TON,2021
865,32,JAWA BARAT,TEMBAKAU,PERKEBUNAN RAKYAT,8778,TON,2021
866,32,JAWA BARAT,TEMBAKAU,PERKEBUNAN BESAR SWASTA,0,TON,2021
867,32,JAWA BARAT,TEMBAKAU,PERKEBUNAN NEGARA,0,TON,2021
